<?xml version="1.0" encoding="UTF-8"?>
<beans:beans xmlns="http://www.springframework.org/schema/mvc"
   xmlns:xsi="http://www.w3.org/2001/XMLSchema-instance"
   xmlns:beans="http://www.springframework.org/schema/beans"
   xmlns:context="http://www.springframework.org/schema/context"
   xsi:schemaLocation="http://www.springframework.org/schema/mvc https://www.springframework.org/schema/mvc/spring-mvc.xsd
   http://www.springframework.org/schema/beans https://www.springframework.org/schema/beans/spring-beans.xsd
   http://www.springframework.org/schema/context https://www.springframework.org/schema/context/spring-context.xsd">
   <annotation-driven />
   <context:component-scan base-package="com.joonbread.springmybatis" />
   <resources mapping="/resources/**" location="/resources/" />
   <beans:bean class="org.springframework.web.servlet.view.InternalResourceViewResolver">
      <beans:property name="prefix" value="/WEB-INF/view/" />
      <beans:property name="suffix" value=".jsp" />
   </beans:bean>
   <beans:bean id="mulpartResolver" class="org.springframework.web.multipart.support.StandardServletMultipartResolver">
   </beans:bean>
</beans:beans>